time_sec,pitch_angle,yaw_angle,target,is_fired
0.0884,-1.4,0.0,5,0
0.0924,-1.4,0.0,5,0
0.1004,-1.4,0.0,5,0
0.161,-1.4,0.0,5,0
0.2215,-1.4,0.0,5,0
0.28,-1.4,0.0,5,0
0.3221,-1.6,-1.0,5,0
0.3813,-2.1,-2.4,5,0
0.441,-2.3,-3.4,5,0
0.4849,-2.4,-3.7,5,0
0.5405,-2.3,-3.7,5,0
0.5827,-2.3,-3.7,5,0
0.6407,-2.5,-4.5,5,0
0.7007,-2.7,-5.5,5,0
0.7398,-3.0,-7.0,5,0
0.8004,-3.3,-8.8,5,0
0.8404,-3.4,-9.7,5,0
0.9004,-3.4,-9.8,5,0
0.9611,-3.4,-9.8,5,0
1.0028,-3.5,-10.6,5,0
1.0604,-3.7,-11.9,5,0
1.1206,-3.8,-12.7,5,0
1.1832,-4.0,-14.0,5,0
1.2205,-4.1,-15.0,5,0
1.2815,-4.2,-16.0,5,0
1.3394,-4.3,-16.8,5,0
1.4006,-4.3,-17.1,5,0
1.4408,-4.3,-17.1,5,0
1.4998,-4.4,-17.5,5,0
1.5596,-4.4,-18.0,5,0
1.624,-4.5,-18.6,5,0
1.6607,-4.6,-19.2,5,0
1.7202,-4.6,-19.7,5,0
1.781,-4.7,-20.1,5,0
1.8411,-4.7,-20.5,5,0
1.9005,-4.7,-20.6,5,0
1.9398,-4.7,-21.0,5,0
2.0004,-4.8,-21.2,5,0
2.0405,-4.8,-21.5,5,0
2.1001,-4.8,-21.8,5,0
2.1597,-4.9,-21.9,5,0
2.2031,-4.9,-21.9,5,0
2.2616,-4.9,-22.2,5,0
2.301,-4.9,-22.3,5,0
2.3628,-4.9,-22.6,5,0
2.4216,-4.9,-22.7,5,0
2.4799,-5.0,-22.9,5,0
2.5201,-5.0,-22.9,5,0
2.5806,-5.0,-23.1,5,0
2.6405,-5.0,-23.2,5,1
2.7003,-5.0,-23.2,5,1
2.7409,-5.0,-23.3,5,1
2.801,-5.0,-23.2,5,0
2.8599,-5.0,-23.2,5,0
2.9004,-5.0,-20.3,5,0
2.96,-5.0,-16.6,5,0
3.0211,-5.0,-13.7,5,0
3.0805,-5.0,-9.4,5,0
3.1426,-5.0,-5.4,5,0
3.1803,-5.0,-2.6,5,0
3.2442,-5.1,0.1,5,0
3.3206,-5.1,2.1,5,0
3.341,-5.1,3.5,5,0
3.4001,-5.1,3.5,1,0
3.4602,-5.1,3.5,1,0
3.5016,-5.1,3.5,1,0
3.5603,-5.1,3.5,1,0
3.6206,-5.1,3.5,1,0
3.6803,-5.1,3.5,1,0
3.7193,-5.1,3.5,1,0
3.7791,-5.1,3.5,1,1
3.842,-5.1,3.5,1,1
3.88,-5.1,3.5,1,1
3.9428,-5.1,3.5,1,1
3.9801,-5.1,3.5,1,0
4.0415,-5.1,6.3,1,0
4.1226,-5.1,10.5,1,0
4.1602,-5.2,14.5,1,0
4.2227,-5.3,17.6,1,0
4.2605,-5.3,19.7,1,0
4.32,-5.3,21.9,1,0
4.381,-5.3,26.8,1,0
4.4205,-5.3,29.5,1,0
4.4813,-5.4,32.5,1,0
4.5421,-5.4,32.3,2,0
4.5999,-5.4,32.3,2,0
4.642,-5.3,32.2,2,0
4.7004,-5.4,32.2,2,0
4.7414,-5.4,32.2,2,0
4.8001,-5.3,32.2,2,0
4.8419,-5.4,32.2,2,0
4.9003,-5.4,32.3,2,0
4.9605,-5.4,32.6,2,0
4.9997,-5.4,33.1,2,0
5.0424,-5.4,33.4,2,0
5.1001,-5.4,33.8,2,0
5.1596,-5.3,34.2,2,0
5.2004,-5.3,34.4,2,0
5.2604,-5.3,34.8,2,0
5.3245,-5.3,35.0,2,0
5.3651,-5.3,35.3,2,0
5.4206,-5.3,35.3,2,0
5.4601,-5.3,35.5,2,0
5.5202,-5.3,35.8,2,0
5.5606,-5.3,35.9,2,0
5.6197,-5.3,36.2,2,0
5.6806,-5.3,36.3,2,0
5.7214,-5.3,36.5,2,0
5.7834,-5.3,36.7,2,1
5.8197,-5.3,36.7,2,1
5.881,-5.3,36.7,2,1
5.9387,-5.3,36.7,2,1
5.9815,-5.3,36.4,2,0
6.0415,-5.3,33.2,2,0
6.1052,-5.2,27.8,2,0
6.1396,-5.3,22.8,2,0
6.2002,-5.2,18.5,2,0
6.2617,-5.2,15.8,2,0
6.3011,-5.1,10.6,2,0
6.3611,-5.1,5.0,2,0
6.4227,-5.1,1.9,2,0
6.4602,-5.0,-1.8,2,0
6.5207,-5.0,-4.3,2,0
6.5603,-5.0,-9.3,2,0
6.6411,-5.0,-15.2,2,0
6.681,-4.9,-20.0,5,0
6.7406,-4.9,-20.0,5,0
6.7999,-4.9,-19.9,5,0
6.861,-4.9,-19.9,5,0
6.9005,-4.9,-19.9,5,0
6.96,-4.9,-19.9,5,0
7.0041,-4.9,-19.9,5,0
7.0601,-4.9,-20.1,5,0
7.1213,-4.9,-20.3,5,0
7.18,-5.0,-20.7,5,0
7.2203,-5.0,-21.0,5,0
7.2803,-5.0,-21.4,5,0
7.34,-5.0,-21.6,5,0
7.3811,-5.0,-21.9,5,0
7.4403,-5.0,-22.2,5,0
7.4801,-5.0,-22.3,5,0
7.5401,-5.0,-22.6,5,0
7.5996,-5.0,-22.8,5,0
7.6603,-5.0,-22.9,5,0
7.7034,-5.0,-23.1,5,0
7.7601,-5.0,-23.3,5,1
7.7999,-5.0,-23.4,5,1
7.8628,-5.0,-23.4,5,1
7.9226,-5.0,-23.4,5,1
7.9607,-5.0,-23.4,5,0
8.0206,-5.0,-23.2,5,0
8.0616,-5.0,-20.3,5,0
8.12,-5.0,-16.6,5,0
8.1807,-5.1,-13.8,5,0
8.2197,-5.1,-9.4,5,0
8.2809,-5.1,-6.7,5,0
8.3209,-5.1,-3.6,5,0
8.3802,-5.1,-0.8,5,0
8.4196,-5.1,1.0,5,0
8.48,-5.2,3.5,1,0
8.5203,-5.2,3.3,1,0
8.5799,-5.2,3.3,1,0
8.6604,-5.2,3.3,1,0
8.7016,-5.2,3.3,1,0
8.7615,-5.2,3.3,1,0
8.8012,-5.2,3.3,1,0
8.8606,-5.2,3.3,1,1
8.9026,-5.2,3.3,1,1
8.9611,-5.2,3.3,1,1
9.0202,-5.2,3.3,1,1
9.0614,-5.2,3.5,1,0
9.1203,-5.2,7.7,1,0
9.1782,-5.3,11.7,1,0
9.2221,-5.3,14.3,1,0
9.2809,-5.4,17.5,1,0
9.3401,-5.4,20.6,1,0
9.4026,-5.4,22.8,1,0
9.444,-5.4,26.5,1,0
9.5022,-5.4,30.7,1,0
9.5606,-5.5,32.1,1,0
9.6017,-5.5,32.0,2,0
9.6603,-5.5,32.0,2,0
9.7199,-5.5,31.9,2,0
9.7608,-5.5,31.9,2,0
9.8207,-5.5,31.9,2,0
9.88,-5.5,31.9,2,0
9.9204,-5.5,31.9,2,0
9.9807,-5.5,31.9,2,0
10.0201,-5.5,32.2,2,0
10.1003,-5.5,32.7,2,0
10.1402,-5.4,33.2,2,0
10.2008,-5.4,33.5,2,0
10.2417,-5.4,33.5,2,0
10.301,-5.4,33.7,2,0
10.3601,-5.4,34.1,2,0
10.4027,-5.4,34.3,2,0
10.4602,-5.4,34.7,2,0
10.5205,-5.4,34.9,2,0
10.5602,-5.4,35.2,2,0
10.6216,-5.4,35.4,2,0
10.6811,-5.4,35.6,2,0
10.7208,-5.4,35.9,2,0
10.7796,-5.4,36.1,2,0
10.843,-5.4,36.3,2,0
10.9011,-5.4,36.6,2,1
10.9604,-5.4,36.6,2,1
11.0201,-5.4,36.6,2,1
11.0603,-5.4,36.6,2,1
11.12,-5.4,36.4,2,0
11.1804,-5.3,31.5,2,0
11.2207,-5.3,27.9,2,0
11.2801,-5.3,22.8,2,0
11.3388,-5.3,19.8,2,0
11.3795,-5.3,15.8,2,0
11.4405,-5.2,12.4,2,0
11.4806,-5.2,6.9,2,0
11.5403,-5.2,1.9,2,0
11.5999,-5.2,-0.6,2,0
11.6396,-5.1,-4.3,2,0
11.6977,-5.1,-9.2,2,0
11.7603,-5.1,-13.3,2,0
11.7994,-5.1,-18.8,2,0
11.8605,-5.0,-20.1,2,0
11.9005,-5.0,-20.0,5,0
11.9605,-5.0,-20.0,5,0
11.9972,-5.0,-20.0,5,0
12.0598,-5.0,-20.0,5,0
12.1202,-5.0,-20.0,5,0
12.1601,-5.0,-20.0,5,0
12.2202,-5.0,-20.0,5,0
12.2605,-5.0,-20.0,5,0
12.3204,-5.0,-20.2,5,0
12.3603,-5.0,-20.6,5,0
12.4206,-5.0,-21.0,5,0
12.48,-5.0,-21.3,5,0
12.5408,-5.0,-21.7,5,0
12.6007,-5.0,-21.8,5,0
12.6401,-5.0,-22.1,5,0
12.699,-5.0,-22.3,5,0
12.7602,-5.0,-22.5,5,0
12.7992,-5.0,-22.7,5,0
12.8614,-5.0,-22.9,5,0
12.92,-5.0,-23.0,5,0
12.9614,-5.0,-23.2,5,0
13.0201,-5.0,-23.3,5,1
13.0801,-5.0,-23.3,5,1
13.12,-5.0,-23.3,5,1
13.1994,-5.0,-23.4,5,0
13.2401,-5.0,-21.4,5,0
13.3003,-5.0,-18.0,5,0
13.3401,-5.0,-15.3,5,0
13.401,-5.1,-10.9,5,0
13.4605,-5.1,-8.1,5,0
13.5,-5.1,-4.6,5,0
13.5616,-5.1,-1.8,5,0
13.62,-5.1,0.0,5,0
13.6612,-5.2,3.2,5,0
13.7207,-5.2,3.4,1,0
13.7806,-5.2,3.3,1,0
13.8201,-5.2,3.3,1,0
13.8804,-5.2,3.4,1,0
13.9205,-5.2,3.4,1,0
13.9795,-5.2,3.4,1,0
14.0405,-5.2,3.4,1,0
14.0804,-5.2,3.4,1,1
14.1408,-5.2,3.4,1,1
14.1796,-5.2,3.4,1,1
14.2406,-5.2,3.4,1,1
14.3017,-5.2,3.6,1,0
14.3604,-5.2,6.1,1,0
14.4023,-5.2,10.3,1,0
14.4616,-5.3,13.0,1,0
14.4989,-5.3,16.5,1,0
14.5602,-5.3,19.5,1,0
14.62,-5.3,21.7,1,0
14.6596,-5.4,25.2,1,0
14.7211,-5.4,29.3,1,0
14.7603,-5.4,31.9,1,0
14.8203,-5.4,32.1,2,0
14.8608,-5.4,32.0,2,0
14.922,-5.4,32.0,2,0
14.9805,-5.4,32.0,2,0
15.022,-5.4,32.0,2,0
15.0812,-5.4,32.0,2,0
15.1224,-5.4,32.0,2,0
15.1803,-5.5,32.4,2,0
15.24,-5.4,32.7,2,0
15.2804,-5.4,33.2,2,0
15.3396,-5.4,33.6,2,0
15.4202,-5.4,34.0,2,0
15.4619,-5.4,34.4,2,0
15.5215,-5.4,34.8,2,0
15.5603,-5.4,35.0,2,0
15.6197,-5.4,35.3,2,0
15.6806,-5.4,35.5,2,0
15.7216,-5.4,35.7,2,0
15.7806,-5.4,35.9,2,0
15.8196,-5.4,36.1,2,0
15.8805,-5.4,36.3,2,0
15.9221,-5.4,36.5,2,0
15.981,-5.4,36.6,2,1
16.0218,-5.3,36.7,2,1
16.0993,-5.4,36.6,2,1
16.1402,-5.3,36.6,2,0
16.1995,-5.4,36.5,2,0
16.2396,-5.3,31.7,2,0
16.3018,-5.3,26.2,2,0
16.3395,-5.3,22.9,2,0
16.4004,-5.3,18.7,2,0
16.4396,-5.3,16.0,2,0
16.5022,-5.2,10.8,2,0
16.5598,-5.2,7.2,2,0
16.5998,-5.2,2.0,2,0
16.6599,-5.2,-0.5,2,0
16.7009,-5.1,-4.2,2,0
16.7586,-5.1,-9.1,2,0
16.8,-5.1,-13.0,2,0
16.8597,-5.1,-18.6,2,0
16.9206,-5.0,-20.1,5,0
16.9599,-5.0,-20.0,5,0
17.0226,-5.0,-20.0,5,0
17.0605,-5.0,-20.0,5,0
17.1201,-5.0,-20.0,5,0
17.1587,-5.0,-20.0,5,0
17.2207,-5.0,-20.0,5,0
17.2805,-5.0,-20.2,5,0
17.3218,-5.0,-20.5,5,0
17.3804,-5.0,-20.9,5,0
17.4218,-5.0,-21.0,5,0
17.4806,-5.0,-21.3,5,0
17.5224,-5.0,-21.4,5,0
17.5997,-5.0,-21.6,5,0
17.6804,-5.0,-21.9,5,0
17.7206,-5.0,-22.1,5,0
17.7794,-5.0,-22.1,5,0
17.8254,-5.0,-22.3,5,0
17.8794,-5.0,-22.5,5,0
17.9398,-5.0,-22.7,5,0
17.9807,-5.0,-22.9,5,0
18.0403,-5.0,-23.0,5,0
18.082,-5.0,-23.2,5,1
18.139,-5.0,-23.3,5,1
18.2017,-5.0,-23.3,5,1
18.2402,-5.0,-23.3,5,1
18.3013,-5.0,-23.3,5,0
18.3401,-5.0,-22.5,5,0
18.4,-5.0,-19.4,5,0
18.4396,-5.0,-16.8,5,0
18.5004,-5.1,-12.4,5,0
18.5593,-5.1,-9.6,5,0
18.6008,-5.1,-5.6,5,0
18.6596,-5.1,-2.8,5,0
18.7199,-5.1,-1.0,5,0
18.7599,-5.2,1.9,5,0
18.8204,-5.2,3.6,1,0
18.8598,-5.2,3.4,1,0
18.9196,-5.2,3.4,1,0
18.9599,-5.2,3.4,1,0
19.022,-5.2,3.4,1,0
19.0794,-5.2,3.4,1,0
19.1238,-5.2,3.4,1,0
19.1808,-5.2,3.4,1,1
19.2404,-5.2,3.4,1,1
19.2799,-5.2,3.4,1,1
19.3403,-5.2,3.4,1,1
19.3787,-5.2,3.4,1,1
19.4398,-5.2,4.7,1,0
19.4996,-5.2,7.8,1,0
19.5411,-5.3,11.8,1,0
19.5995,-5.3,15.5,1,0
19.6601,-5.4,18.6,1,0
19.7001,-5.4,20.7,1,0
19.7596,-5.4,24.1,1,0
19.8216,-5.4,26.7,1,0
19.8845,-5.4,30.8,1,0
19.9796,-5.5,32.1,2,0
20.0187,-5.5,32.1,2,0
20.1003,-5.5,32.1,2,0
20.1423,-5.4,32.1,2,0
